account,period,post_url,post_date,likes,comments,followers_now
laneigesg,,https://www.instagram.com/laneigesg/p/DSbsvrSE0Wj/,,,,
laneigesg,,https://www.instagram.com/laneigesg/reel/DSUfp-wE6q5/,,,,
laneigesg,,https://www.instagram.com/laneigesg/p/DSRMJuUE4eP/,,,,
laneigesg,,https://www.instagram.com/laneigesg/p/DSJfJHCE7sB/,,,,
laneigesg,,https://www.instagram.com/laneigesg/reel/DSESiHlE69k/,,,,
laneigesg,,https://www.instagram.com/laneigesg/reel/DSCnk26kzep/,,,,
laneigesg,,https://www.instagram.com/laneigesg/p/DR_L9g0k7Me/,,,,
laneigesg,,https://www.instagram.com/laneigesg/reel/DR3iF56ExX6/,,,,
laneigesg,,https://www.instagram.com/laneigesg/reel/DR03ZPfE_Qc/,,,,
laneigesg,,https://www.instagram.com/laneigesg/reel/DRv8hWFE_XB/,,,,
laneigesg,,https://www.instagram.com/laneigesg/p/DRtaKA9E0j2/,,,,
laneigesg,,https://www.instagram.com/laneigesg/p/DRoSGXJk_qc/,,,,
laneigesg,,https://www.instagram.com/laneigesg/reel/DRi1Clek2f2/,,,,
laneigesg,,https://www.instagram.com/laneigesg/reel/DRhMmy4k0B2/,,,,
laneigesg,,https://www.instagram.com/laneigesg/reel/DRdxQvQk8Cs/,,,,
laneigesg,,https://www.instagram.com/laneigesg/p/DRbwbZwE-oO/,,,,
laneigesg,,https://www.instagram.com/laneigesg/reel/DRZGOXOE8I4/,,,,
laneigesg,,https://www.instagram.com/laneigesg/reel/DRYdzWMEyx9/,,,,
laneigesg,,https://www.instagram.com/laneigesg/reel/DRUMzokk_YB/,,,,
laneigesg,,https://www.instagram.com/laneigesg/p/DRQuMiqE4KL/,,,,
laneigesg,,https://www.instagram.com/laneigesg/p/DRO4tX5E78W/,,,,
laneigesg,,https://www.instagram.com/laneigesg/reel/DRMlQbqE05I/,,,,
laneigesg,,https://www.instagram.com/laneigesg/reel/DRJ8U8Mk9g7/,,,,
laneigesg,,https://www.instagram.com/laneigesg/p/DQdbvQ8k-xK/,,,,
laneigesg,,https://www.instagram.com/laneigesg/p/DQbm6ajk2Em/,,,,
laneigesg,,https://www.instagram.com/laneigesg/p/DQZE_R2k4e3/,,,,
laneigesg,,https://www.instagram.com/laneigesg/p/DQWUly1kx4U/,,,,
laneigesg,,https://www.instagram.com/laneigesg/p/DQT5rWyk6HP/,,,,
laneigesg,,https://www.instagram.com/laneigesg/p/DQQkrhsE1t8/,,,,
laneigesg,,https://www.instagram.com/laneigesg/p/DQOsYu4E8I6/,,,,
laneigesg,,https://www.instagram.com/laneigesg/reel/DQMEoXkE03j/,,,,
laneigesg,,https://www.instagram.com/laneigesg/reel/DQMEhMhE5m5/,,,,
laneigesg,,https://www.instagram.com/laneigesg/reel/DQMEWePk0Lq/,,,,
laneigesg,,https://www.instagram.com/laneigesg/reel/DQJh11Yk1n2/,,,,
laneigesg,,https://www.instagram.com/laneigesg/reel/DQJRXcPE1zM/,,,,
laneigesg,,https://www.instagram.com/laneigesg/p/DQHG5p9E5S2/,,,,
laneigesg,,https://www.instagram.com/laneigesg/reel/DQGTSYak7nL/,,,,
laneigesg,,https://www.instagram.com/laneigesg/p/DQB9ytEE0wy/,,,,
laneigesg,,https://www.instagram.com/laneigesg/reel/DQBjUs4E2O7/,,,,
laneigesg,,https://www.instagram.com/laneigesg/p/DP_Rr7TEznF/,,,,
laneigesg,,https://www.instagram.com/laneigesg/reel/DP8yzEOE_AJ/,,,,
laneigesg,,https://www.instagram.com/laneigesg/reel/DP5at08k99e/,,,,
laneigesg,,https://www.instagram.com/laneigesg/p/DP2ymD3k_SK/,,,,
laneigesg,,https://www.instagram.com/laneigesg/p/DPyUJ5kE0uz/,,,,
laneigesg,,https://www.instagram.com/laneigesg/reel/DPtVq8RE8TQ/,,,,
laneigesg,,https://www.instagram.com/laneigesg/p/DPn-CGtE3xR/,,,,
laneigesg,,https://www.instagram.com/laneigesg/reel/DPliwy8Ewds/,,,,
laneigesg,,https://www.instagram.com/laneigesg/reel/DPi8eYAE8tI/,,,,
laneigesg,,https://www.instagram.com/laneigesg/reel/DPgQ_4JEyik/,,,,
laneigesg,,https://www.instagram.com/laneigesg/reel/DPd0AUGE8sZ/,,,,
laneigesg,,https://www.instagram.com/laneigesg/p/DPbVYK7k0Cr/,,,,
laneigesg,,https://www.instagram.com/laneigesg/reel/DPX5wyok2yY/,,,,
laneigesg,,https://www.instagram.com/laneigesg/reel/DPWGoJgE86X/,,,,
laneigesg,,https://www.instagram.com/laneigesg/p/DPSj1qqE1_B/,,,,
laneigesg,,https://www.instagram.com/laneigesg/reel/DPP7zLAEz6d/,,,,
laneigesg,,https://www.instagram.com/laneigesg/p/DPKyog2E6eN/,,,,
laneigesg,,https://www.instagram.com/laneigesg/reel/DPJOjFRk87v/,,,,
laneigesg,,https://www.instagram.com/laneigesg/reel/DPF_Azyk3Fh/,,,,
laneigesg,,https://www.instagram.com/laneigesg/p/DPBjYISk3vO/,,,,
laneigesg,,https://www.instagram.com/laneigesg/p/DO-NkVqE5fT/,,,,
laneigesg,,https://www.instagram.com/laneigesg/reel/DO8YqXok0oM/,,,,
laneigesg,,https://www.instagram.com/laneigesg/p/DO5xUy8E2c8/,,,,
laneigesg,,https://www.instagram.com/laneigesg/reel/DOn4q3OE_4v/,,,,
laneigesg,,https://www.instagram.com/laneigesg/p/DOnnVvok7GD/,,,,
laneigesg,,https://www.instagram.com/laneigesg/p/DOfXELxk0ay/,,,,
laneigesg,,https://www.instagram.com/laneigesg/reel/DOdaXPzk_sb/,,,,
laneigesg,,https://www.instagram.com/laneigesg/reel/DOaDyM_EWtb/,,,,
laneigesg,,https://www.instagram.com/laneigesg/reel/DOYLHWgk756/,,,,
laneigesg,,https://www.instagram.com/laneigesg/reel/DOV0P21E3jc/,,,,
laneigesg,,https://www.instagram.com/laneigesg/p/DOTPkB_E5hi/,,,,
laneigesg,,https://www.instagram.com/laneigesg/reel/DOQrPhhE6cN/,,,,
laneigesg,,https://www.instagram.com/laneigesg/p/DON7WsGk8FJ/,,,,
laneigesg,,https://www.instagram.com/laneigesg/p/DOLcBtckwWN/,,,,
laneigesg,,https://www.instagram.com/laneigesg/p/DOI63Eok0nO/,,,,
laneigesg,,https://www.instagram.com/laneigesg/reel/DOBFsMcE9I_/,,,,
laneigesg,,https://www.instagram.com/laneigesg/p/DN-p9Kck3zN/,,,,
laneigesg,,https://www.instagram.com/laneigesg/p/DN7Kcq5k6N4/,,,,
laneigesg,,https://www.instagram.com/laneigesg/p/DN5YgA0k4xx/,,,,
laneigesg,,https://www.instagram.com/laneigesg/p/DN5YgA0k4xx/,,,,
laneigesg,,https://www.instagram.com/laneigesg/reel/DNzW2xdZkzG/,,,,
laneigesg,,https://www.instagram.com/laneigesg/reel/DNzWmOgZqrf/,,,,
laneigesg,,https://www.instagram.com/laneigesg/p/DNzWfDzZhS_/,,,,
laneigesg,,https://www.instagram.com/laneigesg/reel/DNwzGCjZkQB/,,,,
laneigesg,,https://www.instagram.com/laneigesg/p/DNwy8ld5sRk/,,,,
laneigesg,,https://www.instagram.com/laneigesg/p/DNwy09rZnaj/,,,,
laneigesg,,https://www.instagram.com/laneigesg/reel/DNuMB1uZsC4/,,,,
laneigesg,,https://www.instagram.com/laneigesg/reel/DNrnfTEZmue/,,,,
laneigesg,,https://www.instagram.com/laneigesg/reel/DNpCtsaB73q/,,,,
laneigesg,,https://www.instagram.com/laneigesg/reel/DNnfJKJBO_1/,,,,
laneigesg,,https://www.instagram.com/laneigesg/reel/DNk55KIB8VR/,,,,
laneigesg,,https://www.instagram.com/laneigesg/p/DNcK3S6hGNI/,,,,
laneigesg,,https://www.instagram.com/laneigesg/reel/DNag1LpxYqx/,,,,
laneigesg,,https://www.instagram.com/laneigesg/reel/DNZs5NbR8I0/,,,,
laneigesg,,https://www.instagram.com/laneigesg/reel/DNX9OcpBTov/,,,,
laneigesg,,https://www.instagram.com/laneigesg/p/DNVXzezhOjg/,,,,
laneigesg,,https://www.instagram.com/laneigesg/p/DNVXvVWBSeN/,,,,
laneigesg,,https://www.instagram.com/laneigesg/p/DNVXp8ZB4zt/,,,,
laneigesg,,https://www.instagram.com/laneigesg/p/DNUaLIYhZ-b/,,,,
laneigesg,,https://www.instagram.com/laneigesg/p/DNQQmQTBvlZ/,,,,
laneigesg,,https://www.instagram.com/laneigesg/p/DNNoBKGBeJJ/,,,,
laneigesg,,https://www.instagram.com/laneigesg/p/DLypni0Buoz/,,,,
laneigesg,,https://www.instagram.com/laneigesg/p/DLwGO2ORwkW/,,,,
laneigesg,,https://www.instagram.com/laneigesg/reel/DLrCdSVRv3h/,,,,
laneigesg,,https://www.instagram.com/laneigesg/p/DLpIBxUhxFS/,,,,
laneigesg,,https://www.instagram.com/laneigesg/p/DLj32vLxauo/,,,,
laneigesg,,https://www.instagram.com/laneigesg/reel/DLhaZNnxx2D/,,,,
laneigesg,,https://www.instagram.com/laneigesg/reel/DLe6S5fxoVI/,,,,
laneigesg,,https://www.instagram.com/laneigesg/reel/DLcbYTCBcp2/,,,,
laneigesg,,https://www.instagram.com/laneigesg/reel/DLXGPjZBkIs/,,,,
laneigesg,,https://www.instagram.com/laneigesg/reel/DLUneaohK7P/,,,,
laneigesg,,https://www.instagram.com/laneigesg/reel/DLSDwqxh--M/,,,,
laneigesg,,https://www.instagram.com/laneigesg/reel/DLRQcftRv0e/,,,,
laneigesg,,https://www.instagram.com/laneigesg/reel/DLPeXJKBITP/,,,,
laneigesg,,https://www.instagram.com/laneigesg/p/DLMyBtLRNEL/,,,,
laneigesg,,https://www.instagram.com/laneigesg/p/DLHtEVfxRsf/,,,,
laneigesg,,https://www.instagram.com/laneigesg/reel/DLFGOUXxOr6/,,,,
laneigesg,,https://www.instagram.com/laneigesg/p/DLCjCtUhbSW/,,,,
laneigesg,,https://www.instagram.com/laneigesg/p/DK_4FCTBwIX/,,,,
laneigesg,,https://www.instagram.com/laneigesg/p/DK9XPneh_pw/,,,,
laneigesg,,https://www.instagram.com/laneigesg/reel/DK6yWbKR5u-/,,,,
laneigesg,,https://www.instagram.com/laneigesg/p/DK3YpjthJxS/,,,,
laneigesg,,https://www.instagram.com/laneigesg/p/DK1jd7pTDxb/,,,,
laneigesg,,https://www.instagram.com/laneigesg/reel/DKzjUuVzX_H/,,,,
laneigesg,,https://www.instagram.com/laneigesg/p/DKy_7xohjd6/,,,,
laneigesg,,https://www.instagram.com/laneigesg/p/DKwhfu3BomL/,,,,
laneigesg,,https://www.instagram.com/laneigesg/p/DKt22kIhJu7/,,,,
laneigesg,,https://www.instagram.com/laneigesg/p/DKos4XZRT6Q/,,,,
laneigesg,,https://www.instagram.com/laneigesg/reel/DKmOm0WB8OW/,,,,
laneigesg,,https://www.instagram.com/laneigesg/reel/DKgO75RRTVU/,,,,
laneigesg,,https://www.instagram.com/laneigesg/p/DKTLFG3BBKs/,,,,
laneigesg,,https://www.instagram.com/laneigesg/reel/DKO_WAkhPZa/,,,,
laneigesg,,https://www.instagram.com/laneigesg/p/DKMZim-hq7T/,,,,
laneigesg,,https://www.instagram.com/laneigesg/p/DKJWVs-B9x1/,,,,
laneigesg,,https://www.instagram.com/laneigesg/reel/DKHVB4Qh3zc/,,,,
laneigesg,,https://www.instagram.com/laneigesg/p/DKD8rCvB1_z/,,,,
laneigesg,,https://www.instagram.com/laneigesg/p/DKCVx4ohPNe/,,,,
laneigesg,,https://www.instagram.com/laneigesg/reel/DGc_UYSyLyC/,,,,
laneigesg,,https://www.instagram.com/laneigesg/reel/DGadOPYynI_/,,,,
laneigesg,,https://www.instagram.com/laneigesg/reel/DGVLiLpyqro/,,,,
laneigesg,,https://www.instagram.com/laneigesg/p/DGQDIzES8Oa/,,,,
laneigesg,,https://www.instagram.com/laneigesg/p/DGNd-8VSk0B/,,,,
laneigesg,,https://www.instagram.com/laneigesg/reel/DGDWuETSmYZ/,,,,
laneigesg,,https://www.instagram.com/laneigesg/reel/DGAvkpzSB10/,,,,
laneigesg,,https://www.instagram.com/laneigesg/reel/DF7mjvuS8K6/,,,,
laneigesg,,https://www.instagram.com/laneigesg/reel/DFz0XLhyU1U/,,,,
laneigesg,,https://www.instagram.com/laneigesg/p/DFsIhpdSSBd/,,,,
laneigesg,,https://www.instagram.com/laneigesg/reel/DFfMSdRS8kS/,,,,
laneigesg,,https://www.instagram.com/laneigesg/p/DFZUcoOyi6a/,,,,
laneigesg,,https://www.instagram.com/laneigesg/reel/DFU-364SmWJ/,,,,
laneigesg,,https://www.instagram.com/laneigesg/p/DFRnQZpTcPh/,,,,
laneigesg,,https://www.instagram.com/laneigesg/p/DFPB-3tS4i2/,,,,
laneigesg,,https://www.instagram.com/laneigesg/p/DFNDxzCSXCo/,,,,
laneigesg,,https://www.instagram.com/laneigesg/reel/DFFlJ8ISNvR/,,,,
laneigesg,,https://www.instagram.com/laneigesg/reel/DFC5jqJy_ed/,,,,
laneigesg,,https://www.instagram.com/laneigesg/p/DFAVlf6Seqy/,,,,
laneigesg,,https://www.instagram.com/laneigesg/reel/DE7BaOzymF7/,,,,
laneigesg,ㅎ,https://www.instagram.com/laneigesg/p/DE19qxHyeB6/,,,,
laneigesg,,https://www.instagram.com/laneigesg/reel/DEzU1xSyPvR/,,,,
laneigesg,,https://www.instagram.com/laneigesg/p/DEwxaqXS1PF/,,,,
laneigesg,,https://www.instagram.com/laneigesg/p/DEuK-iYy33a/,,,,
laneigesg,,https://www.instagram.com/laneigesg/reel/DEtiz9QSNbW/,,,,
laneigesg,,https://www.instagram.com/laneigesg/reel/DErlxtRyx-D/,,,,
laneigesg,,https://www.instagram.com/laneigesg/reel/DEq9DArSSko/,,,,
laneigesg,,https://www.instagram.com/laneigesg/reel/DEpBWN4yHM-/,,,,
laneigesg,,https://www.instagram.com/laneigesg/reel/DEoYMB_SM2n/,,,,
laneigesg,,https://www.instagram.com/laneigesg/reel/DEmcmSfyDo0/,,,,
laneigesg,,https://www.instagram.com/laneigesg/reel/DElzXoHS00H/,,,,
laneigesg,,https://www.instagram.com/laneigesg/p/DEj2fqByW9B/,,,,
laneigesg,,https://www.instagram.com/laneigesg/reel/DEjOPZ6ShDj/,,,,
laneigesg,,https://www.instagram.com/laneigesg/p/DERSD5GS5kb/,,,,
laneigesg,,https://www.instagram.com/laneigesg/p/DEPOTTbyuFi/,,,,
laneigesg,,https://www.instagram.com/laneigesg/reel/DEKSbgdSimQ/,,,,
